[
      {
        "nev1": "Újév",
        "nev2": " Fruzsina",
        "ho": 1,
        "nap": 1
      },
      {
        "nev1": "Ábel",
        "nev2": " ",
        "ho": 1,
        "nap": 2
      },
      {
        "nev1": "Genovéva",
        "nev2": " Benjámin",
        "ho": 1,
        "nap": 3
      },
      {
        "nev1": "Titusz",
        "nev2": " Leona",
        "ho": 1,
        "nap": 4
      },
      {
        "nev1": "Simon",
        "nev2": " ",
        "ho": 1,
        "nap": 5
      },
      {
        "nev1": "Boldizsár",
        "nev2": " ",
        "ho": 1,
        "nap": 6
      },
      {
        "nev1": "Attila",
        "nev2": " Ramóna",
        "ho": 1,
        "nap": 7
      },
      {
        "nev1": "Gyöngyvér",
        "nev2": " ",
        "ho": 1,
        "nap": 8
      },
      {
        "nev1": "Marcell",
        "nev2": " ",
        "ho": 1,
        "nap": 9
      },
      {
        "nev1": "Melánia",
        "nev2": " ",
        "ho": 1,
        "nap": 10
      },
      {
        "nev1": "Ágota",
        "nev2": " ",
        "ho": 1,
        "nap": 11
      },
      {
        "nev1": "Ernõ",
        "nev2": " ",
        "ho": 1,
        "nap": 12
      },
      {
        "nev1": "Veronika",
        "nev2": " ",
        "ho": 1,
        "nap": 13
      },
      {
        "nev1": "Bódog",
        "nev2": " ",
        "ho": 1,
        "nap": 14
      },
      {
        "nev1": "Lóránt",
        "nev2": " Lóránd",
        "ho": 1,
        "nap": 15
      },
      {
        "nev1": "Gusztáv",
        "nev2": " ",
        "ho": 1,
        "nap": 16
      },
      {
        "nev1": "Antal",
        "nev2": " Antónia",
        "ho": 1,
        "nap": 17
      },
      {
        "nev1": "Piroska",
        "nev2": " ",
        "ho": 1,
        "nap": 18
      },
      {
        "nev1": "Sára",
        "nev2": " Marió",
        "ho": 1,
        "nap": 19
      },
      {
        "nev1": "Fábián",
        "nev2": " Sebestyén",
        "ho": 1,
        "nap": 20
      },
      {
        "nev1": "Ágnes",
        "nev2": " ",
        "ho": 1,
        "nap": 21
      },
      {
        "nev1": "Vince",
        "nev2": " Artúr",
        "ho": 1,
        "nap": 22
      },
      {
        "nev1": "Zelma",
        "nev2": " Rajmund",
        "ho": 1,
        "nap": 23
      },
      {
        "nev1": "Timót",
        "nev2": " ",
        "ho": 1,
        "nap": 24
      },
      {
        "nev1": "Pál",
        "nev2": " ",
        "ho": 1,
        "nap": 25
      },
      {
        "nev1": "Vanda",
        "nev2": " Paula",
        "ho": 1,
        "nap": 26
      },
      {
        "nev1": "Angelika",
        "nev2": " ",
        "ho": 1,
        "nap": 27
      },
      {
        "nev1": "Károly",
        "nev2": " Karola",
        "ho": 1,
        "nap": 28
      },
      {
        "nev1": "Adél",
        "nev2": " ",
        "ho": 1,
        "nap": 29
      },
      {
        "nev1": "Martina",
        "nev2": " ",
        "ho": 1,
        "nap": 30
      },
      {
        "nev1": "Marcella",
        "nev2": " Gerda",
        "ho": 1,
        "nap": 31
      },
      {
        "nev1": "Ignác",
        "nev2": " ",
        "ho": 2,
        "nap": 1
      },
      {
        "nev1": "Karolina",
        "nev2": " Aida",
        "ho": 2,
        "nap": 2
      },
      {
        "nev1": "Balázs",
        "nev2": " ",
        "ho": 2,
        "nap": 3
      },
      {
        "nev1": "Ráhel",
        "nev2": " Csenge",
        "ho": 2,
        "nap": 4
      },
      {
        "nev1": "Ágota",
        "nev2": " Ingrid",
        "ho": 2,
        "nap": 5
      },
      {
        "nev1": "Dorottya",
        "nev2": " Dóra",
        "ho": 2,
        "nap": 6
      },
      {
        "nev1": "Tódor",
        "nev2": " Rómeó",
        "ho": 2,
        "nap": 7
      },
      {
        "nev1": "Aranka",
        "nev2": " ",
        "ho": 2,
        "nap": 8
      },
      {
        "nev1": "Abigél",
        "nev2": " Alex",
        "ho": 2,
        "nap": 9
      },
      {
        "nev1": "Elvira",
        "nev2": " ",
        "ho": 2,
        "nap": 10
      },
      {
        "nev1": "Bertold",
        "nev2": " Marietta",
        "ho": 2,
        "nap": 11
      },
      {
        "nev1": "Lívia",
        "nev2": " Lídia",
        "ho": 2,
        "nap": 12
      },
      {
        "nev1": "Ella",
        "nev2": " Linda",
        "ho": 2,
        "nap": 13
      },
      {
        "nev1": "Bálint",
        "nev2": " Valentin",
        "ho": 2,
        "nap": 14
      },
      {
        "nev1": "Kolos",
        "nev2": " Georgina",
        "ho": 2,
        "nap": 15
      },
      {
        "nev1": "Julianna",
        "nev2": " Lilla",
        "ho": 2,
        "nap": 16
      },
      {
        "nev1": "Donát",
        "nev2": " ",
        "ho": 2,
        "nap": 17
      },
      {
        "nev1": "Bernadett",
        "nev2": " ",
        "ho": 2,
        "nap": 18
      },
      {
        "nev1": "Zsuzsanna",
        "nev2": " ",
        "ho": 2,
        "nap": 19
      },
      {
        "nev1": "Aladár",
        "nev2": " Álmos",
        "ho": 2,
        "nap": 20
      },
      {
        "nev1": "Eleonóra",
        "nev2": " ",
        "ho": 2,
        "nap": 21
      },
      {
        "nev1": "Gerzson",
        "nev2": " ",
        "ho": 2,
        "nap": 22
      },
      {
        "nev1": "Alfréd",
        "nev2": " ",
        "ho": 2,
        "nap": 23
      },
      {
        "nev1": "Mátyás",
        "nev2": " Jázmin",
        "ho": 2,
        "nap": 24
      },
      {
        "nev1": "Géza",
        "nev2": " ",
        "ho": 2,
        "nap": 25
      },
      {
        "nev1": "Edina",
        "nev2": " ",
        "ho": 2,
        "nap": 26
      },
      {
        "nev1": "Ákos",
        "nev2": " Bátor",
        "ho": 2,
        "nap": 27
      },
      {
        "nev1": "Elemér",
        "nev2": " ",
        "ho": 2,
        "nap": 28
      },
      {
        "nev1": "Albin",
        "nev2": " ",
        "ho": 3,
        "nap": 1
      },
      {
        "nev1": "Lujza",
        "nev2": " ",
        "ho": 3,
        "nap": 2
      },
      {
        "nev1": "Kornélia",
        "nev2": " ",
        "ho": 3,
        "nap": 3
      },
      {
        "nev1": "Kázmér",
        "nev2": " ",
        "ho": 3,
        "nap": 4
      },
      {
        "nev1": "Adorján",
        "nev2": " Adrián",
        "ho": 3,
        "nap": 5
      },
      {
        "nev1": "Leonóra",
        "nev2": " Inez",
        "ho": 3,
        "nap": 6
      },
      {
        "nev1": "Tamás",
        "nev2": " ",
        "ho": 3,
        "nap": 7
      },
      {
        "nev1": "Zoltán",
        "nev2": " ",
        "ho": 3,
        "nap": 8
      },
      {
        "nev1": "Franciska",
        "nev2": " Fanni",
        "ho": 3,
        "nap": 9
      },
      {
        "nev1": "Ildikó",
        "nev2": " ",
        "ho": 3,
        "nap": 10
      },
      {
        "nev1": "Szilárd",
        "nev2": " ",
        "ho": 3,
        "nap": 11
      },
      {
        "nev1": "Gergely",
        "nev2": " ",
        "ho": 3,
        "nap": 12
      },
      {
        "nev1": "Krisztián",
        "nev2": " Ajtony",
        "ho": 3,
        "nap": 13
      },
      {
        "nev1": "Matild",
        "nev2": " ",
        "ho": 3,
        "nap": 14
      },
      {
        "nev1": "Nemz.ünnep",
        "nev2": " Kristóf",
        "ho": 3,
        "nap": 15
      },
      {
        "nev1": "Henrietta",
        "nev2": " ",
        "ho": 3,
        "nap": 16
      },
      {
        "nev1": "Gertrúd",
        "nev2": " Patrick",
        "ho": 3,
        "nap": 17
      },
      {
        "nev1": "Sándor",
        "nev2": " Ede",
        "ho": 3,
        "nap": 18
      },
      {
        "nev1": "József",
        "nev2": " Bánk",
        "ho": 3,
        "nap": 19
      },
      {
        "nev1": "Klaudia",
        "nev2": " ",
        "ho": 3,
        "nap": 20
      },
      {
        "nev1": "Benedek",
        "nev2": " ",
        "ho": 3,
        "nap": 21
      },
      {
        "nev1": "Beáta",
        "nev2": " Izolda",
        "ho": 3,
        "nap": 22
      },
      {
        "nev1": "Emõke",
        "nev2": " ",
        "ho": 3,
        "nap": 23
      },
      {
        "nev1": "Gábor",
        "nev2": " Karina",
        "ho": 3,
        "nap": 24
      },
      {
        "nev1": "Irén",
        "nev2": " Írisz",
        "ho": 3,
        "nap": 25
      },
      {
        "nev1": "Emánuel",
        "nev2": " ",
        "ho": 3,
        "nap": 26
      },
      {
        "nev1": "Hajnalka",
        "nev2": " ",
        "ho": 3,
        "nap": 27
      },
      {
        "nev1": "Gedeon",
        "nev2": " Johanna",
        "ho": 3,
        "nap": 28
      },
      {
        "nev1": "Auguszta",
        "nev2": " ",
        "ho": 3,
        "nap": 29
      },
      {
        "nev1": "Zalán",
        "nev2": " ",
        "ho": 3,
        "nap": 30
      },
      {
        "nev1": "Árpád",
        "nev2": " ",
        "ho": 3,
        "nap": 31
      },
      {
        "nev1": "Hugó",
        "nev2": " ",
        "ho": 4,
        "nap": 1
      },
      {
        "nev1": "Áron",
        "nev2": " ",
        "ho": 4,
        "nap": 2
      },
      {
        "nev1": "Buda",
        "nev2": " Richárd",
        "ho": 4,
        "nap": 3
      },
      {
        "nev1": "Izidor",
        "nev2": " ",
        "ho": 4,
        "nap": 4
      },
      {
        "nev1": "Vince",
        "nev2": " ",
        "ho": 4,
        "nap": 5
      },
      {
        "nev1": "Vilmos",
        "nev2": " Bíborka",
        "ho": 4,
        "nap": 6
      },
      {
        "nev1": "Herman",
        "nev2": " ",
        "ho": 4,
        "nap": 7
      },
      {
        "nev1": "Dénes",
        "nev2": " ",
        "ho": 4,
        "nap": 8
      },
      {
        "nev1": "Erhard",
        "nev2": " ",
        "ho": 4,
        "nap": 9
      },
      {
        "nev1": "Zsolt",
        "nev2": " ",
        "ho": 4,
        "nap": 10
      },
      {
        "nev1": "Leó",
        "nev2": " Szaniszló",
        "ho": 4,
        "nap": 11
      },
      {
        "nev1": "Gyula",
        "nev2": " ",
        "ho": 4,
        "nap": 12
      },
      {
        "nev1": "Ida",
        "nev2": " ",
        "ho": 4,
        "nap": 13
      },
      {
        "nev1": "Tibor",
        "nev2": " ",
        "ho": 4,
        "nap": 14
      },
      {
        "nev1": "Anasztázia",
        "nev2": " Tas",
        "ho": 4,
        "nap": 15
      },
      {
        "nev1": "Csongor",
        "nev2": " ",
        "ho": 4,
        "nap": 16
      },
      {
        "nev1": "Rudolf",
        "nev2": " ",
        "ho": 4,
        "nap": 17
      },
      {
        "nev1": "Andrea",
        "nev2": " Lima",
        "ho": 4,
        "nap": 18
      },
      {
        "nev1": "Emma",
        "nev2": " ",
        "ho": 4,
        "nap": 19
      },
      {
        "nev1": "Tivadar",
        "nev2": " ",
        "ho": 4,
        "nap": 20
      },
      {
        "nev1": "Konrád",
        "nev2": " ",
        "ho": 4,
        "nap": 21
      },
      {
        "nev1": "Csilla",
        "nev2": " Noémi",
        "ho": 4,
        "nap": 22
      },
      {
        "nev1": "Béla",
        "nev2": " ",
        "ho": 4,
        "nap": 23
      },
      {
        "nev1": "György",
        "nev2": " ",
        "ho": 4,
        "nap": 24
      },
      {
        "nev1": "Márk",
        "nev2": " ",
        "ho": 4,
        "nap": 25
      },
      {
        "nev1": "Ervin",
        "nev2": " ",
        "ho": 4,
        "nap": 26
      },
      {
        "nev1": "Zita",
        "nev2": " ",
        "ho": 4,
        "nap": 27
      },
      {
        "nev1": "Valéria",
        "nev2": " ",
        "ho": 4,
        "nap": 28
      },
      {
        "nev1": "Péter",
        "nev2": " ",
        "ho": 4,
        "nap": 29
      },
      {
        "nev1": "Katalin",
        "nev2": " Kitti",
        "ho": 4,
        "nap": 30
      },
      {
        "nev1": "Fülöp",
        "nev2": " Jakab",
        "ho": 5,
        "nap": 1
      },
      {
        "nev1": "Zsigmond",
        "nev2": " ",
        "ho": 5,
        "nap": 2
      },
      {
        "nev1": "Tímea",
        "nev2": " Irma",
        "ho": 5,
        "nap": 3
      },
      {
        "nev1": "Mónika",
        "nev2": " Flórián",
        "ho": 5,
        "nap": 4
      },
      {
        "nev1": "Györgyi",
        "nev2": " ",
        "ho": 5,
        "nap": 5
      },
      {
        "nev1": "Ivett",
        "nev2": " Frida",
        "ho": 5,
        "nap": 6
      },
      {
        "nev1": "Gizella",
        "nev2": " ",
        "ho": 5,
        "nap": 7
      },
      {
        "nev1": "Mihály",
        "nev2": " ",
        "ho": 5,
        "nap": 8
      },
      {
        "nev1": "Gergely",
        "nev2": " ",
        "ho": 5,
        "nap": 9
      },
      {
        "nev1": "Ármin",
        "nev2": " Pálma",
        "ho": 5,
        "nap": 10
      },
      {
        "nev1": "Ferenc",
        "nev2": " ",
        "ho": 5,
        "nap": 11
      },
      {
        "nev1": "Pongrác",
        "nev2": " ",
        "ho": 5,
        "nap": 12
      },
      {
        "nev1": "Szervác",
        "nev2": " Imola",
        "ho": 5,
        "nap": 13
      },
      {
        "nev1": "Bonifác",
        "nev2": " ",
        "ho": 5,
        "nap": 14
      },
      {
        "nev1": "Zsófia",
        "nev2": " Szonja",
        "ho": 5,
        "nap": 15
      },
      {
        "nev1": "Mózes",
        "nev2": " Botond",
        "ho": 5,
        "nap": 16
      },
      {
        "nev1": "Paszkál",
        "nev2": " ",
        "ho": 5,
        "nap": 17
      },
      {
        "nev1": "Erik",
        "nev2": " Alexandra",
        "ho": 5,
        "nap": 18
      },
      {
        "nev1": "Ivó",
        "nev2": " Milán",
        "ho": 5,
        "nap": 19
      },
      {
        "nev1": "Bernát",
        "nev2": " Felícia",
        "ho": 5,
        "nap": 20
      },
      {
        "nev1": "Konstantin",
        "nev2": " ",
        "ho": 5,
        "nap": 21
      },
      {
        "nev1": "Júlia",
        "nev2": " Rita",
        "ho": 5,
        "nap": 22
      },
      {
        "nev1": "Dezsõ",
        "nev2": " ",
        "ho": 5,
        "nap": 23
      },
      {
        "nev1": "Eszter",
        "nev2": " Eliza",
        "ho": 5,
        "nap": 24
      },
      {
        "nev1": "Orbán",
        "nev2": " ",
        "ho": 5,
        "nap": 25
      },
      {
        "nev1": "Fülöp",
        "nev2": " Evelin",
        "ho": 5,
        "nap": 26
      },
      {
        "nev1": "Hella",
        "nev2": " ",
        "ho": 5,
        "nap": 27
      },
      {
        "nev1": "Emil",
        "nev2": " Csanád",
        "ho": 5,
        "nap": 28
      },
      {
        "nev1": "Magdolna",
        "nev2": " ",
        "ho": 5,
        "nap": 29
      },
      {
        "nev1": "Janka",
        "nev2": " Zsanett",
        "ho": 5,
        "nap": 30
      },
      {
        "nev1": "Angéla",
        "nev2": " Petronella",
        "ho": 5,
        "nap": 31
      },
      {
        "nev1": "Tünde",
        "nev2": " ",
        "ho": 6,
        "nap": 1
      },
      {
        "nev1": "Kármen",
        "nev2": " Anita",
        "ho": 6,
        "nap": 2
      },
      {
        "nev1": "Klotild",
        "nev2": " Pünkösd",
        "ho": 6,
        "nap": 3
      },
      {
        "nev1": "Bulcsú",
        "nev2": " ",
        "ho": 6,
        "nap": 4
      },
      {
        "nev1": "Fatime",
        "nev2": " ",
        "ho": 6,
        "nap": 5
      },
      {
        "nev1": "Norbert",
        "nev2": " Cintia",
        "ho": 6,
        "nap": 6
      },
      {
        "nev1": "Róbert",
        "nev2": " ",
        "ho": 6,
        "nap": 7
      },
      {
        "nev1": "Medárd",
        "nev2": " ",
        "ho": 6,
        "nap": 8
      },
      {
        "nev1": "Félix",
        "nev2": " ",
        "ho": 6,
        "nap": 9
      },
      {
        "nev1": "Margit",
        "nev2": " Gréta",
        "ho": 6,
        "nap": 10
      },
      {
        "nev1": "Barnabás",
        "nev2": " ",
        "ho": 6,
        "nap": 11
      },
      {
        "nev1": "Villõ",
        "nev2": " ",
        "ho": 6,
        "nap": 12
      },
      {
        "nev1": "Antal",
        "nev2": " Anett",
        "ho": 6,
        "nap": 13
      },
      {
        "nev1": "Vazul",
        "nev2": " ",
        "ho": 6,
        "nap": 14
      },
      {
        "nev1": "Jolán",
        "nev2": " Vid",
        "ho": 6,
        "nap": 15
      },
      {
        "nev1": "Jusztin",
        "nev2": " ",
        "ho": 6,
        "nap": 16
      },
      {
        "nev1": "Laura",
        "nev2": " Alida",
        "ho": 6,
        "nap": 17
      },
      {
        "nev1": "Arnold",
        "nev2": " Levente",
        "ho": 6,
        "nap": 18
      },
      {
        "nev1": "Gyárfás",
        "nev2": " ",
        "ho": 6,
        "nap": 19
      },
      {
        "nev1": "Rafael",
        "nev2": " ",
        "ho": 6,
        "nap": 20
      },
      {
        "nev1": "Alajos",
        "nev2": " Leila",
        "ho": 6,
        "nap": 21
      },
      {
        "nev1": "Paulina",
        "nev2": " ",
        "ho": 6,
        "nap": 22
      },
      {
        "nev1": "Zoltán",
        "nev2": " ",
        "ho": 6,
        "nap": 23
      },
      {
        "nev1": "Iván",
        "nev2": " ",
        "ho": 6,
        "nap": 24
      },
      {
        "nev1": "Vilmos",
        "nev2": " ",
        "ho": 6,
        "nap": 25
      },
      {
        "nev1": "János",
        "nev2": " Pál",
        "ho": 6,
        "nap": 26
      },
      {
        "nev1": "László",
        "nev2": " ",
        "ho": 6,
        "nap": 27
      },
      {
        "nev1": "Levente",
        "nev2": " Irén",
        "ho": 6,
        "nap": 28
      },
      {
        "nev1": "Péter",
        "nev2": " Pál",
        "ho": 6,
        "nap": 29
      },
      {
        "nev1": "Pál",
        "nev2": " ",
        "ho": 6,
        "nap": 30
      },
      {
        "nev1": "Tihamér",
        "nev2": " Annamária",
        "ho": 7,
        "nap": 1
      },
      {
        "nev1": "Ottó",
        "nev2": " ",
        "ho": 7,
        "nap": 2
      },
      {
        "nev1": "Kornél",
        "nev2": " Soma",
        "ho": 7,
        "nap": 3
      },
      {
        "nev1": "Ulrik",
        "nev2": " ",
        "ho": 7,
        "nap": 4
      },
      {
        "nev1": "Emese",
        "nev2": " Sarolta",
        "ho": 7,
        "nap": 5
      },
      {
        "nev1": "Csaba",
        "nev2": " ",
        "ho": 7,
        "nap": 6
      },
      {
        "nev1": "Apollónia",
        "nev2": " ",
        "ho": 7,
        "nap": 7
      },
      {
        "nev1": "Ellák",
        "nev2": " ",
        "ho": 7,
        "nap": 8
      },
      {
        "nev1": "Lukrécia",
        "nev2": " ",
        "ho": 7,
        "nap": 9
      },
      {
        "nev1": "Amália",
        "nev2": " ",
        "ho": 7,
        "nap": 10
      },
      {
        "nev1": "Nóra",
        "nev2": " Lili",
        "ho": 7,
        "nap": 11
      },
      {
        "nev1": "Izabella",
        "nev2": " Dalma",
        "ho": 7,
        "nap": 12
      },
      {
        "nev1": "Jenõ",
        "nev2": " ",
        "ho": 7,
        "nap": 13
      },
      {
        "nev1": "Örs",
        "nev2": " Stella",
        "ho": 7,
        "nap": 14
      },
      {
        "nev1": "Henrik",
        "nev2": " Roland",
        "ho": 7,
        "nap": 15
      },
      {
        "nev1": "Valter",
        "nev2": " ",
        "ho": 7,
        "nap": 16
      },
      {
        "nev1": "Endre",
        "nev2": " Elek",
        "ho": 7,
        "nap": 17
      },
      {
        "nev1": "Frigyes",
        "nev2": " ",
        "ho": 7,
        "nap": 18
      },
      {
        "nev1": "Emília",
        "nev2": " ",
        "ho": 7,
        "nap": 19
      },
      {
        "nev1": "Illés",
        "nev2": " ",
        "ho": 7,
        "nap": 20
      },
      {
        "nev1": "Dániel",
        "nev2": " Daniella",
        "ho": 7,
        "nap": 21
      },
      {
        "nev1": "Magdolna",
        "nev2": " ",
        "ho": 7,
        "nap": 22
      },
      {
        "nev1": "Lenke",
        "nev2": " ",
        "ho": 7,
        "nap": 23
      },
      {
        "nev1": "Kinga",
        "nev2": " Kincsõ",
        "ho": 7,
        "nap": 24
      },
      {
        "nev1": "Jakab",
        "nev2": " Kristóf",
        "ho": 7,
        "nap": 25
      },
      {
        "nev1": "Anna",
        "nev2": " Anikó",
        "ho": 7,
        "nap": 26
      },
      {
        "nev1": "Olga",
        "nev2": " Liliána",
        "ho": 7,
        "nap": 27
      },
      {
        "nev1": "Szabolcs",
        "nev2": " ",
        "ho": 7,
        "nap": 28
      },
      {
        "nev1": "Márta",
        "nev2": " Flóra",
        "ho": 7,
        "nap": 29
      },
      {
        "nev1": "Judit",
        "nev2": " Xénia",
        "ho": 7,
        "nap": 30
      },
      {
        "nev1": "Oszkár",
        "nev2": " ",
        "ho": 7,
        "nap": 31
      },
      {
        "nev1": "Boglárka",
        "nev2": " ",
        "ho": 8,
        "nap": 1
      },
      {
        "nev1": "Lehel",
        "nev2": " ",
        "ho": 8,
        "nap": 2
      },
      {
        "nev1": "Hermina",
        "nev2": " ",
        "ho": 8,
        "nap": 3
      },
      {
        "nev1": "Domonkos",
        "nev2": " Dominika",
        "ho": 8,
        "nap": 4
      },
      {
        "nev1": "Krisztina",
        "nev2": " ",
        "ho": 8,
        "nap": 5
      },
      {
        "nev1": "Berta",
        "nev2": " Bettina",
        "ho": 8,
        "nap": 6
      },
      {
        "nev1": "Ibolya",
        "nev2": " ",
        "ho": 8,
        "nap": 7
      },
      {
        "nev1": "László",
        "nev2": " ",
        "ho": 8,
        "nap": 8
      },
      {
        "nev1": "Emõd",
        "nev2": " ",
        "ho": 8,
        "nap": 9
      },
      {
        "nev1": "Lõrinc",
        "nev2": " ",
        "ho": 8,
        "nap": 10
      },
      {
        "nev1": "Zsuzsanna",
        "nev2": " Tiborc",
        "ho": 8,
        "nap": 11
      },
      {
        "nev1": "Klára",
        "nev2": " ",
        "ho": 8,
        "nap": 12
      },
      {
        "nev1": "Ipoly",
        "nev2": " ",
        "ho": 8,
        "nap": 13
      },
      {
        "nev1": "Marcell",
        "nev2": " ",
        "ho": 8,
        "nap": 14
      },
      {
        "nev1": "Mária",
        "nev2": " ",
        "ho": 8,
        "nap": 15
      },
      {
        "nev1": "Ábrahám",
        "nev2": " ",
        "ho": 8,
        "nap": 16
      },
      {
        "nev1": "Jácint",
        "nev2": " ",
        "ho": 8,
        "nap": 17
      },
      {
        "nev1": "Ilona",
        "nev2": " ",
        "ho": 8,
        "nap": 18
      },
      {
        "nev1": "Huba",
        "nev2": " ",
        "ho": 8,
        "nap": 19
      },
      {
        "nev1": "Szt. István",
        "nev2": " István",
        "ho": 8,
        "nap": 20
      },
      {
        "nev1": "Sámuel",
        "nev2": " Hajna",
        "ho": 8,
        "nap": 21
      },
      {
        "nev1": "Menyhért",
        "nev2": " Mirjam",
        "ho": 8,
        "nap": 22
      },
      {
        "nev1": "Bence",
        "nev2": " ",
        "ho": 8,
        "nap": 23
      },
      {
        "nev1": "Bertalan",
        "nev2": " ",
        "ho": 8,
        "nap": 24
      },
      {
        "nev1": "Lajos",
        "nev2": " Patrícia",
        "ho": 8,
        "nap": 25
      },
      {
        "nev1": "Izsó",
        "nev2": " ",
        "ho": 8,
        "nap": 26
      },
      {
        "nev1": "Gáspár",
        "nev2": " ",
        "ho": 8,
        "nap": 27
      },
      {
        "nev1": "Ágoston",
        "nev2": " ",
        "ho": 8,
        "nap": 28
      },
      {
        "nev1": "Beatrix",
        "nev2": " Erna",
        "ho": 8,
        "nap": 29
      },
      {
        "nev1": "Rózsa",
        "nev2": " ",
        "ho": 8,
        "nap": 30
      },
      {
        "nev1": "Erika",
        "nev2": " Bella",
        "ho": 8,
        "nap": 31
      },
      {
        "nev1": "Egyed",
        "nev2": " Egon",
        "ho": 9,
        "nap": 1
      },
      {
        "nev1": "Rebekka",
        "nev2": " Dorina",
        "ho": 9,
        "nap": 2
      },
      {
        "nev1": "Hilda",
        "nev2": " ",
        "ho": 9,
        "nap": 3
      },
      {
        "nev1": "Rozália",
        "nev2": " ",
        "ho": 9,
        "nap": 4
      },
      {
        "nev1": "Viktor",
        "nev2": " Lõrinc",
        "ho": 9,
        "nap": 5
      },
      {
        "nev1": "Zakariás",
        "nev2": " ",
        "ho": 9,
        "nap": 6
      },
      {
        "nev1": "Regina",
        "nev2": " ",
        "ho": 9,
        "nap": 7
      },
      {
        "nev1": "Mária",
        "nev2": " Adrienn",
        "ho": 9,
        "nap": 8
      },
      {
        "nev1": "Ádám",
        "nev2": " ",
        "ho": 9,
        "nap": 9
      },
      {
        "nev1": "Nikolett",
        "nev2": " Hunor",
        "ho": 9,
        "nap": 10
      },
      {
        "nev1": "Teodóra",
        "nev2": " ",
        "ho": 9,
        "nap": 11
      },
      {
        "nev1": "Mária",
        "nev2": " ",
        "ho": 9,
        "nap": 12
      },
      {
        "nev1": "Kornél",
        "nev2": " ",
        "ho": 9,
        "nap": 13
      },
      {
        "nev1": "Szeréna",
        "nev2": " Roxána",
        "ho": 9,
        "nap": 14
      },
      {
        "nev1": "Enikõ",
        "nev2": " Melitta",
        "ho": 9,
        "nap": 15
      },
      {
        "nev1": "Edit",
        "nev2": " ",
        "ho": 9,
        "nap": 16
      },
      {
        "nev1": "Zsófia",
        "nev2": " ",
        "ho": 9,
        "nap": 17
      },
      {
        "nev1": "Diána",
        "nev2": " ",
        "ho": 9,
        "nap": 18
      },
      {
        "nev1": "Vilhelmina",
        "nev2": " ",
        "ho": 9,
        "nap": 19
      },
      {
        "nev1": "Friderika",
        "nev2": " ",
        "ho": 9,
        "nap": 20
      },
      {
        "nev1": "Máté",
        "nev2": " Mirella",
        "ho": 9,
        "nap": 21
      },
      {
        "nev1": "Móric",
        "nev2": " ",
        "ho": 9,
        "nap": 22
      },
      {
        "nev1": "Tekla",
        "nev2": " ",
        "ho": 9,
        "nap": 23
      },
      {
        "nev1": "Gellért",
        "nev2": " Mercedesz",
        "ho": 9,
        "nap": 24
      },
      {
        "nev1": "Eufrozina",
        "nev2": " Kende",
        "ho": 9,
        "nap": 25
      },
      {
        "nev1": "Jusztina",
        "nev2": " ",
        "ho": 9,
        "nap": 26
      },
      {
        "nev1": "Adalbert",
        "nev2": " ",
        "ho": 9,
        "nap": 27
      },
      {
        "nev1": "Vencel",
        "nev2": " ",
        "ho": 9,
        "nap": 28
      },
      {
        "nev1": "Mihály",
        "nev2": " ",
        "ho": 9,
        "nap": 29
      },
      {
        "nev1": "Jeromos",
        "nev2": " ",
        "ho": 9,
        "nap": 30
      },
      {
        "nev1": "Malvin",
        "nev2": " ",
        "ho": 10,
        "nap": 1
      },
      {
        "nev1": "Petra",
        "nev2": " ",
        "ho": 10,
        "nap": 2
      },
      {
        "nev1": "Helga",
        "nev2": " ",
        "ho": 10,
        "nap": 3
      },
      {
        "nev1": "Ferenc",
        "nev2": " ",
        "ho": 10,
        "nap": 4
      },
      {
        "nev1": "Aurél",
        "nev2": " ",
        "ho": 10,
        "nap": 5
      },
      {
        "nev1": "Brúnó",
        "nev2": " Renáta",
        "ho": 10,
        "nap": 6
      },
      {
        "nev1": "Amália",
        "nev2": " ",
        "ho": 10,
        "nap": 7
      },
      {
        "nev1": "Koppány",
        "nev2": " ",
        "ho": 10,
        "nap": 8
      },
      {
        "nev1": "Dénes",
        "nev2": " ",
        "ho": 10,
        "nap": 9
      },
      {
        "nev1": "Gedeon",
        "nev2": " ",
        "ho": 10,
        "nap": 10
      },
      {
        "nev1": "Brigitta",
        "nev2": " ",
        "ho": 10,
        "nap": 11
      },
      {
        "nev1": "Miksa",
        "nev2": " ",
        "ho": 10,
        "nap": 12
      },
      {
        "nev1": "Kálmán",
        "nev2": " Ede",
        "ho": 10,
        "nap": 13
      },
      {
        "nev1": "Helén",
        "nev2": " ",
        "ho": 10,
        "nap": 14
      },
      {
        "nev1": "Teréz",
        "nev2": " ",
        "ho": 10,
        "nap": 15
      },
      {
        "nev1": "Gál",
        "nev2": " ",
        "ho": 10,
        "nap": 16
      },
      {
        "nev1": "Hedvig",
        "nev2": " ",
        "ho": 10,
        "nap": 17
      },
      {
        "nev1": "Lukács",
        "nev2": " ",
        "ho": 10,
        "nap": 18
      },
      {
        "nev1": "Nándor",
        "nev2": " ",
        "ho": 10,
        "nap": 19
      },
      {
        "nev1": "Vendel",
        "nev2": " ",
        "ho": 10,
        "nap": 20
      },
      {
        "nev1": "Orsolya",
        "nev2": " ",
        "ho": 10,
        "nap": 21
      },
      {
        "nev1": "Elõd",
        "nev2": " ",
        "ho": 10,
        "nap": 22
      },
      {
        "nev1": "Gyöngyi",
        "nev2": " ",
        "ho": 10,
        "nap": 23
      },
      {
        "nev1": "Salamon",
        "nev2": " ",
        "ho": 10,
        "nap": 24
      },
      {
        "nev1": "Blanka",
        "nev2": " Bianka",
        "ho": 10,
        "nap": 25
      },
      {
        "nev1": "Dömötör",
        "nev2": " ",
        "ho": 10,
        "nap": 26
      },
      {
        "nev1": "Szabina",
        "nev2": " ",
        "ho": 10,
        "nap": 27
      },
      {
        "nev1": "Simon",
        "nev2": " Szimonetta",
        "ho": 10,
        "nap": 28
      },
      {
        "nev1": "Nárcisz",
        "nev2": " ",
        "ho": 10,
        "nap": 29
      },
      {
        "nev1": "Alfonz",
        "nev2": " ",
        "ho": 10,
        "nap": 30
      },
      {
        "nev1": "Farkas",
        "nev2": " ",
        "ho": 10,
        "nap": 31
      },
      {
        "nev1": "Marianna",
        "nev2": " ",
        "ho": 11,
        "nap": 1
      },
      {
        "nev1": "Achilles",
        "nev2": " ",
        "ho": 11,
        "nap": 2
      },
      {
        "nev1": "Gyõzõ",
        "nev2": " ",
        "ho": 11,
        "nap": 3
      },
      {
        "nev1": "Károly",
        "nev2": " ",
        "ho": 11,
        "nap": 4
      },
      {
        "nev1": "Imre",
        "nev2": " ",
        "ho": 11,
        "nap": 5
      },
      {
        "nev1": "Lénárd",
        "nev2": " ",
        "ho": 11,
        "nap": 6
      },
      {
        "nev1": "Rezsõ",
        "nev2": " ",
        "ho": 11,
        "nap": 7
      },
      {
        "nev1": "Zsombor",
        "nev2": " ",
        "ho": 11,
        "nap": 8
      },
      {
        "nev1": "Tivadar",
        "nev2": " ",
        "ho": 11,
        "nap": 9
      },
      {
        "nev1": "Réka",
        "nev2": " ",
        "ho": 11,
        "nap": 10
      },
      {
        "nev1": "Márton",
        "nev2": " ",
        "ho": 11,
        "nap": 11
      },
      {
        "nev1": "Jónás",
        "nev2": " Renátó",
        "ho": 11,
        "nap": 12
      },
      {
        "nev1": "Szilvia",
        "nev2": " ",
        "ho": 11,
        "nap": 13
      },
      {
        "nev1": "Aliz",
        "nev2": " ",
        "ho": 11,
        "nap": 14
      },
      {
        "nev1": "Albert",
        "nev2": " Lipót",
        "ho": 11,
        "nap": 15
      },
      {
        "nev1": "Ödön",
        "nev2": " ",
        "ho": 11,
        "nap": 16
      },
      {
        "nev1": "Hortenzia",
        "nev2": " Gergõ",
        "ho": 11,
        "nap": 17
      },
      {
        "nev1": "Jenõ",
        "nev2": " ",
        "ho": 11,
        "nap": 18
      },
      {
        "nev1": "Erzsébet",
        "nev2": " ",
        "ho": 11,
        "nap": 19
      },
      {
        "nev1": "Jolán",
        "nev2": " ",
        "ho": 11,
        "nap": 20
      },
      {
        "nev1": "Olivér",
        "nev2": " ",
        "ho": 11,
        "nap": 21
      },
      {
        "nev1": "Cecília",
        "nev2": " ",
        "ho": 11,
        "nap": 22
      },
      {
        "nev1": "Kelemen",
        "nev2": " Klementína",
        "ho": 11,
        "nap": 23
      },
      {
        "nev1": "Emma",
        "nev2": " ",
        "ho": 11,
        "nap": 24
      },
      {
        "nev1": "Katalin",
        "nev2": " ",
        "ho": 11,
        "nap": 25
      },
      {
        "nev1": "Virág",
        "nev2": " ",
        "ho": 11,
        "nap": 26
      },
      {
        "nev1": "Virgil",
        "nev2": " ",
        "ho": 11,
        "nap": 27
      },
      {
        "nev1": "Stefánia",
        "nev2": " ",
        "ho": 11,
        "nap": 28
      },
      {
        "nev1": "Taksony",
        "nev2": " ",
        "ho": 11,
        "nap": 29
      },
      {
        "nev1": "András",
        "nev2": " Andor",
        "ho": 11,
        "nap": 30
      },
      {
        "nev1": "Elza",
        "nev2": " ",
        "ho": 12,
        "nap": 1
      },
      {
        "nev1": "Melinda",
        "nev2": " Vivienn",
        "ho": 12,
        "nap": 2
      },
      {
        "nev1": "Ferenc",
        "nev2": " Olívia",
        "ho": 12,
        "nap": 3
      },
      {
        "nev1": "Borbála",
        "nev2": " Barbara",
        "ho": 12,
        "nap": 4
      },
      {
        "nev1": "Vilma",
        "nev2": " ",
        "ho": 12,
        "nap": 5
      },
      {
        "nev1": "Miklós",
        "nev2": " ",
        "ho": 12,
        "nap": 6
      },
      {
        "nev1": "Ambrus",
        "nev2": " ",
        "ho": 12,
        "nap": 7
      },
      {
        "nev1": "Mária",
        "nev2": " ",
        "ho": 12,
        "nap": 8
      },
      {
        "nev1": "Natália",
        "nev2": " ",
        "ho": 12,
        "nap": 9
      },
      {
        "nev1": "Judit",
        "nev2": " ",
        "ho": 12,
        "nap": 10
      },
      {
        "nev1": "Árpád",
        "nev2": " ",
        "ho": 12,
        "nap": 11
      },
      {
        "nev1": "Gabriella",
        "nev2": " ",
        "ho": 12,
        "nap": 12
      },
      {
        "nev1": "Luca",
        "nev2": " Otília",
        "ho": 12,
        "nap": 13
      },
      {
        "nev1": "Szilárda",
        "nev2": " ",
        "ho": 12,
        "nap": 14
      },
      {
        "nev1": "Valér",
        "nev2": " ",
        "ho": 12,
        "nap": 15
      },
      {
        "nev1": "Etelka",
        "nev2": " Aletta",
        "ho": 12,
        "nap": 16
      },
      {
        "nev1": "Lázár",
        "nev2": " Olimpia",
        "ho": 12,
        "nap": 17
      },
      {
        "nev1": "Auguszta",
        "nev2": " ",
        "ho": 12,
        "nap": 18
      },
      {
        "nev1": "Viola",
        "nev2": " ",
        "ho": 12,
        "nap": 19
      },
      {
        "nev1": "Teofil",
        "nev2": " ",
        "ho": 12,
        "nap": 20
      },
      {
        "nev1": "Tamás",
        "nev2": " ",
        "ho": 12,
        "nap": 21
      },
      {
        "nev1": "Zénó",
        "nev2": " ",
        "ho": 12,
        "nap": 22
      },
      {
        "nev1": "Viktória",
        "nev2": " ",
        "ho": 12,
        "nap": 23
      },
      {
        "nev1": "Ádám",
        "nev2": " Éva",
        "ho": 12,
        "nap": 24
      },
      {
        "nev1": "Karácsony",
        "nev2": " Eugénia",
        "ho": 12,
        "nap": 25
      },
      {
        "nev1": "Karácsony",
        "nev2": " István",
        "ho": 12,
        "nap": 26
      },
      {
        "nev1": "János",
        "nev2": " ",
        "ho": 12,
        "nap": 27
      },
      {
        "nev1": "Kamilla",
        "nev2": " ",
        "ho": 12,
        "nap": 28
      },
      {
        "nev1": "Tamás",
        "nev2": " Tamara",
        "ho": 12,
        "nap": 29
      },
      {
        "nev1": "Dávid",
        "nev2": " ",
        "ho": 12,
        "nap": 30
      },
      {
        "nev1": "Szilveszter",
        "nev2": " ",
        "ho": 12,
        "nap": 31
      }
    ]
  